{
  "norm_stats": {
    "observation.state": {
      "mean": [
        0.050315674394369125,
        1.5697152614593506,
        3.2303998470306396,
        78.06178283691406,
        2.082869052886963,
        18.603727340698242
      ],
      "std": [
        19.891904830932617,
        22.66533851623535,
        29.067893981933594,
        10.834087371826172,
        4.598359107971191,
        9.555024147033691
      ],
      "q01": [
        -50.061546325683594,
        -46.93802261352539,
        -64.75493621826172,
        53.10807800292969,
        -6.795551300048828,
        2.933351993560791
      ],
      "q99": [
        47.763160705566406,
        55.14298629760742,
        58.936981201171875,
        98.96244812011719,
        16.34676742553711,
        39.2535514831543
      ]
    },
    "action": {
      "mean": [
        0.2170105129480362,
        -1.284152865409851,
        0.4304884076118469,
        77.86244201660156,
        2.0784308910369873,
        17.124710083007812
      ],
      "std": [
        20.226926803588867,
        22.47054100036621,
        29.67617416381836,
        11.05673885345459,
        4.654274940490723,
        11.22135066986084
      ],
      "q01": [
        -49.34565353393555,
        -49.343955993652344,
        -69.24806213378906,
        52.62488555908203,
        -6.898990154266357,
        0.39015793800354004
      ],
      "q99": [
        48.906280517578125,
        53.518890380859375,
        57.76337432861328,
        99.98785400390625,
        16.29545783996582,
        39.56525421142578
      ]
    }
  }
}